{"cameraMode":{"drawMode":0,"name":"Shaded","section":"Shading Mode"},"sceneLighting":false,"audioPlay":false,"sceneViewState":{"m_AlwaysRefresh":false,"showFog":true,"showSkybox":false,"showFlares":true,"showImageEffects":true,"showParticleSystems":true,"showVisualEffectGraphs":true,"m_FxEnabled":true},"in2DMode":false,"pivot":{"x":-0.48350268602371218,"y":0.6625312566757202,"z":-3.438431739807129},"rotation":{"x":-0.07828287035226822,"y":-0.6259557008743286,"z":0.06325395405292511,"w":-0.7734033465385437},"size":0.3560175597667694,"orthographic":false}