{"cameraMode":{"drawMode":0,"name":"Shaded","section":"Shading Mode"},"sceneLighting":false,"audioPlay":false,"sceneViewState":{"m_AlwaysRefresh":false,"showFog":true,"showSkybox":false,"showFlares":true,"showImageEffects":true,"showParticleSystems":true,"showVisualEffectGraphs":true,"m_FxEnabled":true},"in2DMode":false,"pivot":{"x":-2.6342523097991945,"y":61.968544006347659,"z":-35.3808479309082},"rotation":{"x":-0.5067087411880493,"y":-0.007362227886915207,"z":0.004079869482666254,"w":-0.8622204661369324},"size":0.9906491637229919,"orthographic":false}