{"cameraMode":{"drawMode":0,"name":"Shaded","section":"Shading Mode"},"sceneLighting":true,"audioPlay":false,"sceneViewState":{"m_AlwaysRefresh":false,"showFog":true,"showSkybox":true,"showFlares":true,"showImageEffects":true,"showParticleSystems":true,"showVisualEffectGraphs":true,"m_FxEnabled":true},"in2DMode":false,"pivot":{"x":0.6345017552375794,"y":3.091132164001465,"z":-3.576378345489502},"rotation":{"x":-0.44343847036361697,"y":-0.000491879356559366,"z":0.000557506806217134,"w":-0.8965818285942078},"size":1.3838346004486085,"orthographic":false}