{"cameraMode":{"drawMode":0,"name":"Shaded","section":"Shading Mode"},"sceneLighting":true,"audioPlay":false,"sceneViewState":{"m_AlwaysRefresh":false,"showFog":true,"showSkybox":true,"showFlares":true,"showImageEffects":true,"showParticleSystems":true,"showVisualEffectGraphs":true,"m_FxEnabled":true},"in2DMode":false,"pivot":{"x":3.104374647140503,"y":5.267029285430908,"z":-8.238642692565918},"rotation":{"x":-0.2854185402393341,"y":-0.050880927592515948,"z":0.015409296378493309,"w":-0.9571666717529297},"size":1.3838346004486085,"orthographic":false}