{"cameraMode":{"drawMode":0,"name":"Shaded","section":"Shading Mode"},"sceneLighting":true,"audioPlay":false,"sceneViewState":{"m_AlwaysRefresh":false,"showFog":true,"showSkybox":true,"showFlares":true,"showImageEffects":true,"showParticleSystems":true,"showVisualEffectGraphs":true,"m_FxEnabled":true},"in2DMode":false,"pivot":{"x":8.915338516235352,"y":-7.677675247192383,"z":26.242238998413087},"rotation":{"x":-0.20633891224861146,"y":0.03286054730415344,"z":-0.004046129062771797,"w":-0.9783220887184143},"size":16.492931365966798,"orthographic":false}