{"cameraMode":{"drawMode":0,"name":"Shaded","section":"Shading Mode"},"sceneLighting":false,"audioPlay":false,"sceneViewState":{"m_AlwaysRefresh":false,"showFog":true,"showSkybox":false,"showFlares":true,"showImageEffects":true,"showParticleSystems":true,"showVisualEffectGraphs":true,"m_FxEnabled":true},"in2DMode":false,"pivot":{"x":-0.4122867286205292,"y":0.15807493031024934,"z":-0.2342570722103119},"rotation":{"x":-0.10695604979991913,"y":-0.5920444130897522,"z":0.08307965844869614,"w":-0.7949262857437134},"size":0.41216814517974856,"orthographic":false}